site,time_of_complaint
SiteA,01-09-2024 17:30
SiteB,02-09-2024 10:15
SiteC,03-09-2024 15:30
SiteD,04-09-2024 13:00
SiteE,05-09-2024 22:45
SiteF,06-09-2024 18:10
SiteG,07-09-2024 09:00
SiteH,08-09-2024 14:25
SiteI,09-09-2024 19:00
SiteJ,10-09-2024 23:50
SiteK,11-09-2024 12:30
SiteL,12-09-2024 06:30
SiteM,13-09-2024 16:15
SiteN,14-09-2024 11:55
SiteO,15-09-2024 21:05
SiteP,16-09-2024 01:35
SiteQ,17-09-2024 16:00
SiteR,18-09-2024 10:10
SiteS,19-09-2024 20:45
SiteT,20-09-2024 22:30
SiteU,21-09-2024 08:00
SiteV,22-09-2024 14:25
SiteW,23-09-2024 11:00
SiteX,24-09-2024 19:40
SiteY,25-09-2024 15:50
SiteZ,26-09-2024 09:15
SiteAA,27-09-2024 05:30
SiteBB,28-09-2024 23:50
SiteCC,29-09-2024 17:20
SiteDD,30-09-2024 10:00
SiteEE,01-10-2024 13:30
SiteFF,02-10-2024 20:10
SiteGG,03-10-2024 12:30
SiteHH,04-10-2024 18:00
SiteII,05-10-2024 22:50
SiteJJ,06-10-2024 07:00
SiteKK,07-10-2024 15:00
SiteLL,08-10-2024 21:40
SiteMM,09-10-2024 01:55
SiteNN,10-10-2024 07:45
SiteOO,11-10-2024 14:10
SitePP,12-10-2024 16:55
SiteQQ,13-10-2024 12:30
SiteRR,14-10-2024 09:50
SiteSS,15-10-2024 23:20
SiteTT,16-10-2024 13:55
SiteUU,17-10-2024 18:45
SiteVV,18-10-2024 08:45
SiteWW,19-10-2024 23:00
SiteXX,20-10-2024 16:30
